country,year,co2emissions
United States,2021,5555095600.0
United States,2022,5594352600.0
United States,2023,5528461000.0
United States,2024,5631539000.0
United States,2025,5626453000.0
United States,2026,5597973500.0
United States,2027,5625463000.0
United States,2028,5620573700.0
United States,2029,5669677600.0
United States,2030,5629452000.0
China,2021,10291881000.0
China,2022,10362963000.0
China,2023,9808623000.0
China,2024,10550221000.0
China,2025,10537140000.0
China,2026,10581041000.0
China,2027,10342246000.0
China,2028,10685617000.0
China,2029,10636682000.0
China,2030,10383613000.0
Russia,2021,1577640200.0
Russia,2022,1451799700.0
Russia,2023,1113023500.0
Russia,2024,1314020500.0
Russia,2025,1092193900.0
Russia,2026,1259431800.0
Russia,2027,1356768300.0
Russia,2028,1134408800.0
Russia,2029,1366774700.0
Russia,2030,1472410600.0
India,2021,2545306600.0
India,2022,2611214000.0
India,2023,2412650500.0
India,2024,2476203000.0
India,2025,2708737000.0
India,2026,2732381700.0
India,2027,2788024300.0
India,2028,2774095400.0
India,2029,2788345900.0
India,2030,2798993200.0
Japan,2021,1192101000.0
Japan,2022,1242813400.0
Japan,2023,1233339100.0
Japan,2024,1271654500.0
Japan,2025,1266304400.0
Japan,2026,1160536600.0
Japan,2027,1192472000.0
Japan,2028,1062832300.0
Japan,2029,1288870100.0
Japan,2030,1139304400.0
Germany,2021,508277020.0
Germany,2022,405324800.0
Germany,2023,709773200.0
Germany,2024,824884800.0
Germany,2025,792789760.0
Germany,2026,771486700.0
Germany,2027,796410600.0
Germany,2028,784921200.0
Germany,2029,822921000.0
Germany,2030,741127550.0
United Kingdom,2021,465201920.0
United Kingdom,2022,557740500.0
United Kingdom,2023,591651100.0
United Kingdom,2024,376914140.0
United Kingdom,2025,351156480.0
United Kingdom,2026,176631660.0
United Kingdom,2027,494805800.0
United Kingdom,2028,417661060.0
United Kingdom,2029,554367740.0
United Kingdom,2030,288850400.0
Canada,2021,566185200.0
Canada,2022,588068900.0
Canada,2023,548784300.0
Canada,2024,604093700.0
Canada,2025,601684740.0
Canada,2026,584678000.0
Canada,2027,547550140.0
Canada,2028,598169100.0
Canada,2029,600721660.0
Canada,2030,598583400.0
Ukraine,2021,193238720.0
Ukraine,2022,189325000.0
Ukraine,2023,181137820.0
Ukraine,2024,175385440.0
Ukraine,2025,177037520.0
Ukraine,2026,166204780.0
Ukraine,2027,168808530.0
Ukraine,2028,166343200.0
Ukraine,2029,152696860.0
Ukraine,2030,181068800.0
South Korea,2021,652944800.0
South Korea,2022,652265340.0
South Korea,2023,638800700.0
South Korea,2024,694597570.0
South Korea,2025,598359500.0
South Korea,2026,676284600.0
South Korea,2027,718909760.0
South Korea,2028,688007550.0
South Korea,2029,495289860.0
South Korea,2030,716808400.0
Italy,2021,443602340.0
Italy,2022,378396260.0
Italy,2023,296729500.0
Italy,2024,289306900.0
Italy,2025,396512670.0
Italy,2026,390393400.0
Italy,2027,372795970.0
Italy,2028,176189170.0
Italy,2029,361987070.0
Italy,2030,380910300.0
Mexico,2021,496278900.0
Mexico,2022,506598900.0
Mexico,2023,506838800.0
Mexico,2024,509267520.0
Mexico,2025,510571140.0
Mexico,2026,521171070.0
Mexico,2027,518059330.0
Mexico,2028,523168000.0
Mexico,2029,522275680.0
Mexico,2030,524901340.0
France,2021,323873380.0
France,2022,343216300.0
France,2023,288953280.0
France,2024,314458530.0
France,2025,283277300.0
France,2026,241521630.0
France,2027,331436320.0
France,2028,295292830.0
France,2029,320557660.0
France,2030,321481060.0
Iran,2021,696598340.0
Iran,2022,701947840.0
Iran,2023,728366600.0
Iran,2024,755896640.0
Iran,2025,746761400.0
Iran,2026,737354500.0
Iran,2027,758725600.0
Iran,2028,760190400.0
Iran,2029,762904260.0
Iran,2030,749597250.0
South Africa,2021,483647040.0
South Africa,2022,496626240.0
South Africa,2023,506798000.0
South Africa,2024,346517540.0
South Africa,2025,512561860.0
South Africa,2026,505584400.0
South Africa,2027,478734500.0
South Africa,2028,512286660.0
South Africa,2029,508999970.0
South Africa,2030,496388830.0
Poland,2021,304075230.0
Poland,2022,212127710.0
Poland,2023,190375820.0
Poland,2024,251557620.0
Poland,2025,162755950.0
Poland,2026,306301950.0
Poland,2027,237917840.0
Poland,2028,251560400.0
Poland,2029,165367400.0
Poland,2030,258359820.0
Saudi Arabia,2021,337549220.0
Saudi Arabia,2022,619684900.0
Saudi Arabia,2023,388510700.0
Saudi Arabia,2024,693979300.0
Saudi Arabia,2025,470716320.0
Saudi Arabia,2026,704529150.0
Saudi Arabia,2027,694395140.0
Saudi Arabia,2028,702746100.0
Saudi Arabia,2029,633642500.0
Saudi Arabia,2030,680092000.0
Australia,2021,415319140.0
Australia,2022,422695500.0
Australia,2023,414584320.0
Australia,2024,423228900.0
Australia,2025,426444350.0
Australia,2026,404892830.0
Australia,2027,386641120.0
Australia,2028,437341440.0
Australia,2029,436659000.0
Australia,2030,411556830.0
Brazil,2021,529188860.0
Brazil,2022,372355740.0
Brazil,2023,540706560.0
Brazil,2024,546699900.0
Brazil,2025,542145150.0
Brazil,2026,597665800.0
Brazil,2027,590637600.0
Brazil,2028,590504260.0
Brazil,2029,525051260.0
Brazil,2030,583631360.0
Indonesia,2021,609415550.0
Indonesia,2022,617469200.0
Indonesia,2023,341687800.0
Indonesia,2024,650809800.0
Indonesia,2025,646982200.0
Indonesia,2026,680484800.0
Indonesia,2027,675309400.0
Indonesia,2028,642270000.0
Indonesia,2029,596852500.0
Indonesia,2030,608454500.0
Afghanistan,2021,8201020.0
Afghanistan,2022,8993633.0
Afghanistan,2023,9971913.0
Afghanistan,2024,9938420.0
Afghanistan,2025,9043546.0
Afghanistan,2026,11317014.0
Afghanistan,2027,11671991.0
Afghanistan,2028,11533684.0
Afghanistan,2029,13444684.0
Afghanistan,2030,15773921.0
Albania,2021,4642726.5
Albania,2022,4639152.0
Albania,2023,4560150.0
Albania,2024,4693945.5
Albania,2025,4699484.5
Albania,2026,4542887.0
Albania,2027,4584562.0
Albania,2028,4657860.0
Albania,2029,4740842.0
Albania,2030,4669635.0
Algeria,2021,149007120.0
Algeria,2022,151704580.0
Algeria,2023,155831680.0
Algeria,2024,160828850.0
Algeria,2025,160446660.0
Algeria,2026,165482430.0
Algeria,2027,164527380.0
Algeria,2028,171262600.0
Algeria,2029,173548620.0
Algeria,2030,178436050.0
Angola,2021,30820432.0
Angola,2022,32405886.0
Angola,2023,39574464.0
Angola,2024,43241224.0
Angola,2025,39654880.0
Angola,2026,54292970.0
Angola,2027,51665660.0
Angola,2028,54321360.0
Angola,2029,56240830.0
Angola,2030,42130840.0
Argentina,2021,199690990.0
Argentina,2022,191383200.0
Argentina,2023,201159920.0
Argentina,2024,192692030.0
Argentina,2025,179307500.0
Argentina,2026,215476210.0
Argentina,2027,216383490.0
Argentina,2028,217229060.0
Argentina,2029,201128670.0
Argentina,2030,225896110.0
Austria,2021,64992864.0
Austria,2022,73550136.0
Austria,2023,63668710.0
Austria,2024,64687172.0
Austria,2025,69584790.0
Austria,2026,65750092.0
Austria,2027,72046990.0
Austria,2028,68901090.0
Austria,2029,73549540.0
Austria,2030,66273770.0
Bahrain,2021,31148666.0
Bahrain,2022,30840578.0
Bahrain,2023,26739390.0
Bahrain,2024,29423016.0
Bahrain,2025,35026930.0
Bahrain,2026,19291004.0
Bahrain,2027,34515250.0
Bahrain,2028,26998958.0
Bahrain,2029,29657664.0
Bahrain,2030,39013056.0
Bangladesh,2021,77150184.0
Bangladesh,2022,85589740.0
Bangladesh,2023,84277750.0
Bangladesh,2024,88956960.0
Bangladesh,2025,85453970.0
Bangladesh,2026,87511770.0
Bangladesh,2027,84138780.0
Bangladesh,2028,94403450.0
Bangladesh,2029,87497370.0
Bangladesh,2030,99614904.0
Barbados,2021,1454110.6
Barbados,2022,1226214.8
Barbados,2023,1459196.0
Barbados,2024,1332277.5
Barbados,2025,1255028.1
Barbados,2026,1100003.4
Barbados,2027,1308232.2
Barbados,2028,966897.25
Barbados,2029,1405012.4
Barbados,2030,1373042.1
Belgium,2021,100006330.0
Belgium,2022,112581920.0
Belgium,2023,108906700.0
Belgium,2024,97580520.0
Belgium,2025,75340020.0
Belgium,2026,104013576.0
Belgium,2027,88773460.0
Belgium,2028,89492130.0
Belgium,2029,92386264.0
Belgium,2030,100663260.0
Benin,2021,6007182.5
Benin,2022,3926130.8
Benin,2023,4212835.0
Benin,2024,4536701.5
Benin,2025,6951277.5
Benin,2026,6219434.5
Benin,2027,6577802.0
Benin,2028,7972487.0
Benin,2029,6674460.0
Benin,2030,7719903.5
Bolivia,2021,19596004.0
Bolivia,2022,18529158.0
Bolivia,2023,22950816.0
Bolivia,2024,16765028.0
Bolivia,2025,21539242.0
Bolivia,2026,26091282.0
Bolivia,2027,26359760.0
Bolivia,2028,26190706.0
Bolivia,2029,23373750.0
Bolivia,2030,27202598.0
Botswana,2021,5814278.0
Botswana,2022,7393381.5
Botswana,2023,6653508.5
Botswana,2024,7108743.0
Botswana,2025,8362237.5
Botswana,2026,6424595.5
Botswana,2027,8571454.0
Botswana,2028,7950914.5
Botswana,2029,6972628.5
Botswana,2030,9554854.0
Bulgaria,2021,41712750.0
Bulgaria,2022,24681510.0
Bulgaria,2023,23391190.0
Bulgaria,2024,42330936.0
Bulgaria,2025,26368904.0
Bulgaria,2026,24654576.0
Bulgaria,2027,34025404.0
Bulgaria,2028,37260096.0
Bulgaria,2029,37188550.0
Bulgaria,2030,38101724.0
Burkina Faso,2021,3262985.0
Burkina Faso,2022,3016729.2
Burkina Faso,2023,3714518.5
Burkina Faso,2024,3566549.8
Burkina Faso,2025,3957767.2
Burkina Faso,2026,3449250.8
Burkina Faso,2027,4246366.0
Burkina Faso,2028,4339754.0
Burkina Faso,2029,4323312.0
Burkina Faso,2030,4526080.0
Burundi,2021,-361693.53
Burundi,2022,-419135.78
Burundi,2023,-641908.2
Burundi,2024,-832790.9
Burundi,2025,-444852.94
Burundi,2026,-600220.75
Burundi,2027,-784601.2
Burundi,2028,-707627.06
Burundi,2029,513793.5
Burundi,2030,-786819.3
Cambodia,2021,6634594.5
Cambodia,2022,7152970.5
Cambodia,2023,7132202.0
Cambodia,2024,6536789.5
Cambodia,2025,6524392.0
Cambodia,2026,8223980.5
Cambodia,2027,7080738.0
Cambodia,2028,8833894.0
Cambodia,2029,9042440.0
Cambodia,2030,6523795.0
Cameroon,2021,6336851.0
Cameroon,2022,2572521.5
Cameroon,2023,5134807.0
Cameroon,2024,7527674.0
Cameroon,2025,8159415.0
Cameroon,2026,8730694.0
Cameroon,2027,9660483.0
Cameroon,2028,11273625.0
Cameroon,2029,8924438.0
Cameroon,2030,12261550.0
Cape Verde,2021,355817.88
Cape Verde,2022,277376.66
Cape Verde,2023,215409.52
Cape Verde,2024,272316.22
Cape Verde,2025,200168.05
Cape Verde,2026,212114.06
Cape Verde,2027,233936.9
Cape Verde,2028,165911.22
Cape Verde,2029,122683.78
Cape Verde,2030,135555.05
Chad,2021,652089.94
Chad,2022,837727.9
Chad,2023,619132.7
Chad,2024,800395.1
Chad,2025,738509.1
Chad,2026,701552.56
Chad,2027,498626.9
Chad,2028,478409.4
Chad,2029,468716.34
Chad,2030,732555.94
Chile,2021,85338090.0
Chile,2022,89040216.0
Chile,2023,97022190.0
Chile,2024,90868240.0
Chile,2025,94089910.0
Chile,2026,103748150.0
Chile,2027,99751880.0
Chile,2028,104989820.0
Chile,2029,110006420.0
Chile,2030,106977880.0
Colombia,2021,32052050.0
Colombia,2022,85926904.0
Colombia,2023,100084664.0
Colombia,2024,93750150.0
Colombia,2025,107249416.0
Colombia,2026,95975544.0
Colombia,2027,96258424.0
Colombia,2028,103175416.0
Colombia,2029,100349440.0
Colombia,2030,82267890.0
Comoros,2021,706209.8
Comoros,2022,536164.56
Comoros,2023,709302.44
Comoros,2024,732611.44
Comoros,2025,645358.0
Comoros,2026,770128.8
Comoros,2027,772815.9
Comoros,2028,783627.5
Comoros,2029,772917.3
Comoros,2030,790624.0
Costa Rica,2021,9052064.0
Costa Rica,2022,8335519.0
Costa Rica,2023,9568163.0
Costa Rica,2024,8478687.0
Costa Rica,2025,7797391.0
Costa Rica,2026,8710681.0
Costa Rica,2027,7199716.5
Costa Rica,2028,7872755.5
Costa Rica,2029,10597934.0
Costa Rica,2030,8960615.0
Cote d'Ivoire,2021,6395678.0
Cote d'Ivoire,2022,8487636.0
Cote d'Ivoire,2023,9606042.0
Cote d'Ivoire,2024,9932317.0
Cote d'Ivoire,2025,10157992.0
Cote d'Ivoire,2026,10427838.0
Cote d'Ivoire,2027,11991891.0
Cote d'Ivoire,2028,10852679.0
Cote d'Ivoire,2029,11127950.0
Cote d'Ivoire,2030,10965694.0
Croatia,2021,20708732.0
Croatia,2022,20498852.0
Croatia,2023,21072594.0
Croatia,2024,20525824.0
Croatia,2025,20645638.0
Croatia,2026,20896188.0
Croatia,2027,20703100.0
Croatia,2028,20588502.0
Croatia,2029,17783556.0
Croatia,2030,21328852.0
Cuba,2021,19985252.0
Cuba,2022,27153556.0
Cuba,2023,22236352.0
Cuba,2024,26787250.0
Cuba,2025,27300036.0
Cuba,2026,27878380.0
Cuba,2027,26987962.0
Cuba,2028,25929742.0
Cuba,2029,23588168.0
Cuba,2030,24675634.0
Cyprus,2021,7597756.5
Cyprus,2022,7604227.0
Cyprus,2023,8010239.0
Cyprus,2024,7799222.5
Cyprus,2025,8032191.5
Cyprus,2026,7612497.0
Cyprus,2027,7323625.5
Cyprus,2028,8190316.5
Cyprus,2029,7458796.0
Cyprus,2030,8170854.0
Czechia,2021,97953260.0
Czechia,2022,103132710.0
Czechia,2023,86793304.0
Czechia,2024,96726360.0
Czechia,2025,90405530.0
Czechia,2026,82129384.0
Czechia,2027,92124170.0
Czechia,2028,96507200.0
Czechia,2029,118327960.0
Czechia,2030,110464130.0
Denmark,2021,33401884.0
Denmark,2022,37760390.0
Denmark,2023,35730116.0
Denmark,2024,40367364.0
Denmark,2025,37015424.0
Denmark,2026,34529640.0
Denmark,2027,33292800.0
Denmark,2028,37533316.0
Denmark,2029,35563470.0
Denmark,2030,31024876.0
Djibouti,2021,347880.28
Djibouti,2022,343228.62
Djibouti,2023,338710.03
Djibouti,2024,332924.0
Djibouti,2025,337391.88
Djibouti,2026,315337.7
Djibouti,2027,287789.0
Djibouti,2028,307606.06
Djibouti,2029,322714.44
Djibouti,2030,309507.28
Dominica,2021,-234222.98
Dominica,2022,-308307.25
Dominica,2023,-417031.75
Dominica,2024,-372124.9
Dominica,2025,-414534.8
Dominica,2026,-329905.12
Dominica,2027,-451595.94
Dominica,2028,-464422.84
Dominica,2029,-407741.12
Dominica,2030,-468529.5
Dominican Republic,2021,20542134.0
Dominican Republic,2022,24613396.0
Dominican Republic,2023,21802896.0
Dominican Republic,2024,22346298.0
Dominican Republic,2025,18297222.0
Dominican Republic,2026,22628780.0
Dominican Republic,2027,23463588.0
Dominican Republic,2028,28107782.0
Dominican Republic,2029,24254066.0
Dominican Republic,2030,25344954.0
Ecuador,2021,30807536.0
Ecuador,2022,48156990.0
Ecuador,2023,46478972.0
Ecuador,2024,45316680.0
Ecuador,2025,52140948.0
Ecuador,2026,52866772.0
Ecuador,2027,47281276.0
Ecuador,2028,46105280.0
Ecuador,2029,57195436.0
Ecuador,2030,50621720.0
Egypt,2021,249640620.0
Egypt,2022,162773570.0
Egypt,2023,250712620.0
Egypt,2024,248400820.0
Egypt,2025,256418980.0
Egypt,2026,258474350.0
Egypt,2027,246028600.0
Egypt,2028,259592270.0
Egypt,2029,237088700.0
Egypt,2030,267164480.0
El Salvador,2021,6724289.5
El Salvador,2022,6718798.0
El Salvador,2023,6764890.0
El Salvador,2024,6743198.5
El Salvador,2025,6775228.5
El Salvador,2026,6779791.5
El Salvador,2027,6770707.5
El Salvador,2028,6807253.0
El Salvador,2029,6710028.0
El Salvador,2030,6811196.5
Eswatini,2021,1323434.9
Eswatini,2022,1217182.0
Eswatini,2023,1262006.4
Eswatini,2024,1196731.1
Eswatini,2025,1237613.8
Eswatini,2026,1256828.8
Eswatini,2027,1310608.0
Eswatini,2028,1234888.6
Eswatini,2029,1267849.5
Eswatini,2030,1351332.1
Ethiopia,2021,13999196.0
Ethiopia,2022,8472578.0
Ethiopia,2023,12709673.0
Ethiopia,2024,15166357.0
Ethiopia,2025,11225768.0
Ethiopia,2026,15614331.0
Ethiopia,2027,5278911.5
Ethiopia,2028,19884154.0
Ethiopia,2029,19075688.0
Ethiopia,2030,18349614.0
Finland,2021,43575830.0
Finland,2022,54545324.0
Finland,2023,49073984.0
Finland,2024,52364790.0
Finland,2025,41318510.0
Finland,2026,53126916.0
Finland,2027,42339464.0
Finland,2028,50298484.0
Finland,2029,48845910.0
Finland,2030,48818864.0
Gabon,2021,4195774.0
Gabon,2022,4226840.0
Gabon,2023,4220187.0
Gabon,2024,4210876.0
Gabon,2025,4230004.0
Gabon,2026,4260027.5
Gabon,2027,4230456.0
Gabon,2028,4285474.5
Gabon,2029,4132174.2
Gabon,2030,4161281.8
Gambia,2021,396095.25
Gambia,2022,401317.25
Gambia,2023,413573.8
Gambia,2024,453258.62
Gambia,2025,477353.44
Gambia,2026,508888.38
Gambia,2027,512602.1
Gambia,2028,543984.94
Gambia,2029,599969.56
Gambia,2030,550867.3
Ghana,2021,16657254.0
Ghana,2022,18201796.0
Ghana,2023,17172858.0
Ghana,2024,19720388.0
Ghana,2025,19192994.0
Ghana,2026,20364326.0
Ghana,2027,21879778.0
Ghana,2028,23412636.0
Ghana,2029,22910336.0
Ghana,2030,22040240.0
Greece,2021,96336320.0
Greece,2022,95286790.0
Greece,2023,92238660.0
Greece,2024,97876380.0
Greece,2025,87154230.0
Greece,2026,97604536.0
Greece,2027,93219020.0
Greece,2028,95682760.0
Greece,2029,101024200.0
Greece,2030,99095450.0
Guatemala,2021,14259120.0
Guatemala,2022,15030119.0
Guatemala,2023,15321193.0
Guatemala,2024,15558345.0
Guatemala,2025,12589423.0
Guatemala,2026,16674073.0
Guatemala,2027,17295390.0
Guatemala,2028,15948171.0
Guatemala,2029,17779444.0
Guatemala,2030,17688556.0
Guinea,2021,2017811.8
Guinea,2022,2014205.8
Guinea,2023,2018584.9
Guinea,2024,2004737.6
Guinea,2025,2004896.0
Guinea,2026,1982860.9
Guinea,2027,2009782.2
Guinea,2028,1964932.4
Guinea,2029,2015492.2
Guinea,2030,2022964.0
Haiti,2021,2399222.0
Haiti,2022,2413791.8
Haiti,2023,2423614.8
Haiti,2024,2443292.2
Haiti,2025,2444870.2
Haiti,2026,2447468.8
Haiti,2027,2438964.0
Haiti,2028,2338687.2
Haiti,2029,2515614.8
Haiti,2030,2494549.2
Honduras,2021,7631775.5
Honduras,2022,7617301.0
Honduras,2023,7494380.5
Honduras,2024,7717660.0
Honduras,2025,7649951.0
Honduras,2026,7963754.0
Honduras,2027,7703058.5
Honduras,2028,7661713.5
Honduras,2029,7949558.5
Honduras,2030,7683894.5
Hong Kong,2021,41577450.0
Hong Kong,2022,44290172.0
Hong Kong,2023,46568748.0
Hong Kong,2024,45335944.0
Hong Kong,2025,47697732.0
Hong Kong,2026,44837000.0
Hong Kong,2027,45845904.0
Hong Kong,2028,47912508.0
Hong Kong,2029,36661244.0
Hong Kong,2030,44203108.0
Hungary,2021,41896204.0
Hungary,2022,35335700.0
Hungary,2023,33342402.0
Hungary,2024,27661484.0
Hungary,2025,28160402.0
Hungary,2026,24767022.0
Hungary,2027,28737454.0
Hungary,2028,22236262.0
Hungary,2029,30532632.0
Hungary,2030,12316870.0
Iceland,2021,3149558.0
Iceland,2022,3153436.5
Iceland,2023,2953630.8
Iceland,2024,3043216.2
Iceland,2025,2730402.0
Iceland,2026,3175997.8
Iceland,2027,2541648.8
Iceland,2028,4119104.8
Iceland,2029,2690920.0
Iceland,2030,2329700.8
Iraq,2021,185640720.0
Iraq,2022,198617490.0
Iraq,2023,204266450.0
Iraq,2024,206489600.0
Iraq,2025,220599140.0
Iraq,2026,221896910.0
Iraq,2027,214802800.0
Iraq,2028,229881020.0
Iraq,2029,238680660.0
Iraq,2030,239603040.0
Ireland,2021,44120452.0
Ireland,2022,43136870.0
Ireland,2023,40695704.0
Ireland,2024,42088880.0
Ireland,2025,47352484.0
Ireland,2026,48583416.0
Ireland,2027,36243740.0
Ireland,2028,39997824.0
Ireland,2029,44025750.0
Ireland,2030,48905736.0
Israel,2021,78704290.0
Israel,2022,78395260.0
Israel,2023,83462520.0
Israel,2024,83395656.0
Israel,2025,85816750.0
Israel,2026,85607304.0
Israel,2027,74310504.0
Israel,2028,90061260.0
Israel,2029,61962796.0
Israel,2030,89816510.0
Jamaica,2021,8128146.5
Jamaica,2022,8220317.5
Jamaica,2023,8102860.0
Jamaica,2024,8228936.5
Jamaica,2025,8188922.0
Jamaica,2026,8184093.0
Jamaica,2027,8062047.0
Jamaica,2028,8180442.5
Jamaica,2029,8201787.0
Jamaica,2030,8339638.0
Jordan,2021,26796314.0
Jordan,2022,28280786.0
Jordan,2023,28786804.0
Jordan,2024,29543742.0
Jordan,2025,29636332.0
Jordan,2026,31600914.0
Jordan,2027,32410962.0
Jordan,2028,33697124.0
Jordan,2029,31322526.0
Jordan,2030,34511724.0
Kenya,2021,15746849.0
Kenya,2022,16429413.0
Kenya,2023,19666722.0
Kenya,2024,17227770.0
Kenya,2025,18934208.0
Kenya,2026,18441540.0
Kenya,2027,20598080.0
Kenya,2028,14615852.0
Kenya,2029,21750636.0
Kenya,2030,20571026.0
Kuwait,2021,101899060.0
Kuwait,2022,95646776.0
Kuwait,2023,106856150.0
Kuwait,2024,112941700.0
Kuwait,2025,114493510.0
Kuwait,2026,116191590.0
Kuwait,2027,116249420.0
Kuwait,2028,122368150.0
Kuwait,2029,123194160.0
Kuwait,2030,122204040.0
Laos,2021,15889211.0
Laos,2022,15227599.0
Laos,2023,17321914.0
Laos,2024,18956148.0
Laos,2025,21584376.0
Laos,2026,25281760.0
Laos,2027,24325526.0
Laos,2028,20549858.0
Laos,2029,23019408.0
Laos,2030,24958408.0
Lebanon,2021,24889016.0
Lebanon,2022,20835840.0
Lebanon,2023,26027378.0
Lebanon,2024,23874892.0
Lebanon,2025,28557814.0
Lebanon,2026,24091466.0
Lebanon,2027,10536100.0
Lebanon,2028,24164954.0
Lebanon,2029,31249892.0
Lebanon,2030,25507712.0
Liberia,2021,213425.9
Liberia,2022,757048.44
Liberia,2023,872623.6
Liberia,2024,914114.6
Liberia,2025,855335.2
Liberia,2026,944597.5
Liberia,2027,912004.25
Liberia,2028,913341.44
Liberia,2029,979313.8
Liberia,2030,1023111.6
Libya,2021,53869290.0
Libya,2022,52183360.0
Libya,2023,57880624.0
Libya,2024,49255212.0
Libya,2025,55973550.0
Libya,2026,61005388.0
Libya,2027,51525924.0
Libya,2028,59941820.0
Libya,2029,61357336.0
Libya,2030,60758204.0
Luxembourg,2021,9754096.0
Luxembourg,2022,10185369.0
Luxembourg,2023,9990076.0
Luxembourg,2024,9963573.0
Luxembourg,2025,9984195.0
Luxembourg,2026,10070688.0
Luxembourg,2027,10111988.0
Luxembourg,2028,10001058.0
Luxembourg,2029,10231632.0
Luxembourg,2030,10003150.0
Madagascar,2021,3071747.2
Madagascar,2022,3620737.8
Madagascar,2023,3610553.5
Madagascar,2024,3770655.2
Madagascar,2025,3655225.8
Madagascar,2026,3970708.2
Madagascar,2027,3589076.0
Madagascar,2028,2621373.5
Madagascar,2029,4241226.5
Madagascar,2030,3333444.2
Malawi,2021,537774.25
Malawi,2022,572826.44
Malawi,2023,521398.4
Malawi,2024,630496.8
Malawi,2025,656486.5
Malawi,2026,628266.06
Malawi,2027,658419.44
Malawi,2028,608433.1
Malawi,2029,620113.0
Malawi,2030,842508.3
Malaysia,2021,279781600.0
Malaysia,2022,254233650.0
Malaysia,2023,271390240.0
Malaysia,2024,287150460.0
Malaysia,2025,252511700.0
Malaysia,2026,321056960.0
Malaysia,2027,318526460.0
Malaysia,2028,327110800.0
Malaysia,2029,325256030.0
Malaysia,2030,293401700.0
Mali,2021,2279876.0
Mali,2022,2401174.0
Mali,2023,2462773.5
Mali,2024,2447551.0
Mali,2025,2719349.8
Mali,2026,2668878.5
Mali,2027,2868557.5
Mali,2028,2964011.5
Mali,2029,3024850.5
Mali,2030,3085448.8
Malta,2021,2259952.8
Malta,2022,2241794.5
Malta,2023,2295226.8
Malta,2024,2253613.8
Malta,2025,2250001.5
Malta,2026,2255302.8
Malta,2027,2277147.8
Malta,2028,2317019.5
Malta,2029,2312138.2
Malta,2030,2265005.2
Mauritius,2021,4423655.0
Mauritius,2022,4501225.0
Mauritius,2023,4329297.5
Mauritius,2024,4761001.5
Mauritius,2025,4733313.5
Mauritius,2026,4837868.0
Mauritius,2027,4979160.5
Mauritius,2028,4650908.0
Mauritius,2029,4804533.0
Mauritius,2030,3934692.8
Mongolia,2021,38088310.0
Mongolia,2022,37036132.0
Mongolia,2023,36972716.0
Mongolia,2024,41873796.0
Mongolia,2025,40118052.0
Mongolia,2026,44007308.0
Mongolia,2027,37780136.0
Mongolia,2028,35229508.0
Mongolia,2029,47819936.0
Mongolia,2030,49176236.0
Morocco,2021,71146264.0
Morocco,2022,56145468.0
Morocco,2023,75339176.0
Morocco,2024,51807556.0
Morocco,2025,87436600.0
Morocco,2026,68570640.0
Morocco,2027,91593790.0
Morocco,2028,97831256.0
Morocco,2029,45105270.0
Morocco,2030,43054468.0
Mozambique,2021,2447544.8
Mozambique,2022,2330030.2
Mozambique,2023,2319402.5
Mozambique,2024,2083796.8
Mozambique,2025,2493364.2
Mozambique,2026,2216939.2
Mozambique,2027,2636031.8
Mozambique,2028,2687688.0
Mozambique,2029,2536363.5
Mozambique,2030,2620023.5
Myanmar,2021,22140090.0
Myanmar,2022,22784150.0
Myanmar,2023,21531558.0
Myanmar,2024,30580174.0
Myanmar,2025,28410950.0
Myanmar,2026,30411986.0
Myanmar,2027,32474532.0
Myanmar,2028,33653724.0
Myanmar,2029,40792230.0
Myanmar,2030,28403296.0
Nepal,2021,5319662.5
Nepal,2022,4281735.5
Nepal,2023,4284929.5
Nepal,2024,5626824.0
Nepal,2025,5612641.0
Nepal,2026,4788753.0
Nepal,2027,5099387.0
Nepal,2028,5546795.0
Nepal,2029,6250145.5
Nepal,2030,6174654.5
Netherlands,2021,169192370.0
Netherlands,2022,169592540.0
Netherlands,2023,169536940.0
Netherlands,2024,165921900.0
Netherlands,2025,170487520.0
Netherlands,2026,168784850.0
Netherlands,2027,170949860.0
Netherlands,2028,169816100.0
Netherlands,2029,168812420.0
Netherlands,2030,160649680.0
New Zealand,2021,36163330.0
New Zealand,2022,34808016.0
New Zealand,2023,30261920.0
New Zealand,2024,37325652.0
New Zealand,2025,37846508.0
New Zealand,2026,37947060.0
New Zealand,2027,39129456.0
New Zealand,2028,38728970.0
New Zealand,2029,29775444.0
New Zealand,2030,35622468.0
Nicaragua,2021,4496617.5
Nicaragua,2022,5222878.0
Nicaragua,2023,4205065.5
Nicaragua,2024,5090381.5
Nicaragua,2025,5096573.5
Nicaragua,2026,5154377.0
Nicaragua,2027,5012159.0
Nicaragua,2028,5045437.0
Nicaragua,2029,5073904.5
Nicaragua,2030,4766141.0
Niger,2021,727845.7
Niger,2022,723447.5
Niger,2023,761636.75
Niger,2024,696095.3
Niger,2025,720621.06
Niger,2026,786213.2
Niger,2027,772207.5
Niger,2028,638070.0
Niger,2029,850892.7
Niger,2030,829370.9
Nigeria,2021,127748690.0
Nigeria,2022,129179976.0
Nigeria,2023,127764120.0
Nigeria,2024,134120010.0
Nigeria,2025,135534080.0
Nigeria,2026,136263250.0
Nigeria,2027,140510720.0
Nigeria,2028,141425010.0
Nigeria,2029,135973870.0
Nigeria,2030,139400830.0
North Korea,2021,13937676.0
North Korea,2022,44328104.0
North Korea,2023,16047759.0
North Korea,2024,14867411.0
North Korea,2025,15627513.0
North Korea,2026,17619518.0
North Korea,2027,14192500.0
North Korea,2028,12494616.0
North Korea,2029,5263277.0
North Korea,2030,4820866.0
Norway,2021,46064044.0
Norway,2022,42239680.0
Norway,2023,45519624.0
Norway,2024,48621124.0
Norway,2025,27451196.0
Norway,2026,45991220.0
Norway,2027,50952540.0
Norway,2028,31774440.0
Norway,2029,46233260.0
Norway,2030,41805068.0
Oman,2021,63376010.0
Oman,2022,86277640.0
Oman,2023,61118870.0
Oman,2024,80015310.0
Oman,2025,86106024.0
Oman,2026,80382776.0
Oman,2027,67027150.0
Oman,2028,87497570.0
Oman,2029,86414330.0
Oman,2030,102958620.0
Pakistan,2021,202166160.0
Pakistan,2022,171820430.0
Pakistan,2023,210621150.0
Pakistan,2024,211413260.0
Pakistan,2025,173139920.0
Pakistan,2026,219669700.0
Pakistan,2027,222622370.0
Pakistan,2028,188778110.0
Pakistan,2029,209460690.0
Pakistan,2030,223484300.0
Panama,2021,11635386.0
Panama,2022,12026207.0
Panama,2023,13037186.0
Panama,2024,12294346.0
Panama,2025,11229826.0
Panama,2026,11745858.0
Panama,2027,14882101.0
Panama,2028,14968759.0
Panama,2029,15868867.0
Panama,2030,15911047.0
Paraguay,2021,4413870.0
Paraguay,2022,4086594.0
Paraguay,2023,4836714.5
Paraguay,2024,3321821.2
Paraguay,2025,4348569.5
Paraguay,2026,4702158.5
Paraguay,2027,4436938.5
Paraguay,2028,4660458.5
Paraguay,2029,4327897.0
Paraguay,2030,4358380.0
Peru,2021,54420996.0
Peru,2022,59603190.0
Peru,2023,59597856.0
Peru,2024,60354720.0
Peru,2025,59970584.0
Peru,2026,62660950.0
Peru,2027,68770424.0
Peru,2028,69512300.0
Peru,2029,59553572.0
Peru,2030,67380290.0
Philippines,2021,122368750.0
Philippines,2022,139674540.0
Philippines,2023,147997380.0
Philippines,2024,150514510.0
Philippines,2025,145934030.0
Philippines,2026,128486710.0
Philippines,2027,88738240.0
Philippines,2028,155379120.0
Philippines,2029,135153090.0
Philippines,2030,160263520.0
Portugal,2021,29492962.0
Portugal,2022,53889864.0
Portugal,2023,55555332.0
Portugal,2024,52716156.0
Portugal,2025,59726620.0
Portugal,2026,58911350.0
Portugal,2027,61265740.0
Portugal,2028,59091784.0
Portugal,2029,59798376.0
Portugal,2030,43838384.0
Qatar,2021,96349850.0
Qatar,2022,98713670.0
Qatar,2023,100632360.0
Qatar,2024,103142720.0
Qatar,2025,102778650.0
Qatar,2026,103862344.0
Qatar,2027,106499370.0
Qatar,2028,108618104.0
Qatar,2029,84517390.0
Qatar,2030,104660700.0
Romania,2021,56930428.0
Romania,2022,54915580.0
Romania,2023,54841572.0
Romania,2024,48316250.0
Romania,2025,42910380.0
Romania,2026,80574600.0
Romania,2027,31997358.0
Romania,2028,42544660.0
Romania,2029,46721390.0
Romania,2030,61677790.0
Rwanda,2021,375260.28
Rwanda,2022,368293.7
Rwanda,2023,369312.94
Rwanda,2024,360834.53
Rwanda,2025,354533.5
Rwanda,2026,351665.84
Rwanda,2027,347718.16
Rwanda,2028,331435.6
Rwanda,2029,333944.8
Rwanda,2030,326357.6
Saint Lucia,2021,477429.5
Saint Lucia,2022,482986.0
Saint Lucia,2023,483145.8
Saint Lucia,2024,471585.6
Saint Lucia,2025,481605.84
Saint Lucia,2026,489972.78
Saint Lucia,2027,491678.16
Saint Lucia,2028,488156.53
Saint Lucia,2029,494943.3
Saint Lucia,2030,493269.25
Sao Tome and Principe,2021,231753.67
Sao Tome and Principe,2022,227406.22
Sao Tome and Principe,2023,222348.97
Sao Tome and Principe,2024,206442.08
Sao Tome and Principe,2025,214908.86
Sao Tome and Principe,2026,178519.48
Sao Tome and Principe,2027,164754.64
Sao Tome and Principe,2028,172746.11
Sao Tome and Principe,2029,175623.28
Sao Tome and Principe,2030,145279.8
Senegal,2021,5472691.0
Senegal,2022,5560818.5
Senegal,2023,5510473.0
Senegal,2024,5585058.0
Senegal,2025,5648271.5
Senegal,2026,5544379.5
Senegal,2027,5653153.5
Senegal,2028,5670007.5
Senegal,2029,5804184.0
Senegal,2030,5839910.0
Serbia,2021,54219516.0
Serbia,2022,48558324.0
Serbia,2023,56999588.0
Serbia,2024,48887724.0
Serbia,2025,53575830.0
Serbia,2026,51157290.0
Serbia,2027,49362484.0
Serbia,2028,48526228.0
Serbia,2029,50563150.0
Serbia,2030,53453930.0
Seychelles,2021,127325.93
Seychelles,2022,140507.73
Seychelles,2023,150001.16
Seychelles,2024,64649.0
Seychelles,2025,149861.73
Seychelles,2026,143435.61
Seychelles,2027,222196.88
Seychelles,2028,165717.92
Seychelles,2029,232514.16
Seychelles,2030,75105.72
Sierra Leone,2021,522947.9
Sierra Leone,2022,134496.7
Sierra Leone,2023,197024.7
Sierra Leone,2024,461421.22
Sierra Leone,2025,125231.414
Sierra Leone,2026,115167.62
Sierra Leone,2027,-125919.914
Sierra Leone,2028,-113843.99
Sierra Leone,2029,662592.6
Sierra Leone,2030,1317949.9
Singapore,2021,46360130.0
Singapore,2022,43048550.0
Singapore,2023,32984994.0
Singapore,2024,43033772.0
Singapore,2025,44021570.0
Singapore,2026,44792184.0
Singapore,2027,44876180.0
Singapore,2028,43195600.0
Singapore,2029,39442380.0
Singapore,2030,41215820.0
Spain,2021,220484140.0
Spain,2022,297828000.0
Spain,2023,281956380.0
Spain,2024,281109250.0
Spain,2025,251499420.0
Spain,2026,308484500.0
Spain,2027,322557120.0
Spain,2028,264532130.0
Spain,2029,302720900.0
Spain,2030,274633600.0
Sri Lanka,2021,23828964.0
Sri Lanka,2022,26331226.0
Sri Lanka,2023,8020537.0
Sri Lanka,2024,28931422.0
Sri Lanka,2025,26952620.0
Sri Lanka,2026,28577796.0
Sri Lanka,2027,30527346.0
Sri Lanka,2028,35819216.0
Sri Lanka,2029,32849814.0
Sri Lanka,2030,38369364.0
Sweden,2021,52787556.0
Sweden,2022,44001824.0
Sweden,2023,52012136.0
Sweden,2024,46481668.0
Sweden,2025,45926120.0
Sweden,2026,43330480.0
Sweden,2027,46633284.0
Sweden,2028,40850340.0
Sweden,2029,50833132.0
Sweden,2030,41864264.0
Switzerland,2021,38670304.0
Switzerland,2022,41657284.0
Switzerland,2023,41180308.0
Switzerland,2024,41604976.0
Switzerland,2025,41650436.0
Switzerland,2026,41173210.0
Switzerland,2027,41454400.0
Switzerland,2028,41800132.0
Switzerland,2029,39598356.0
Switzerland,2030,41196910.0
Syria,2021,22320764.0
Syria,2022,37577870.0
Syria,2023,39216092.0
Syria,2024,43741252.0
Syria,2025,40048016.0
Syria,2026,38243810.0
Syria,2027,38295040.0
Syria,2028,39238680.0
Syria,2029,36065060.0
Syria,2030,42086380.0
Taiwan,2021,291210880.0
Taiwan,2022,290848500.0
Taiwan,2023,303987650.0
Taiwan,2024,299746560.0
Taiwan,2025,211423360.0
Taiwan,2026,285040220.0
Taiwan,2027,292014750.0
Taiwan,2028,301379970.0
Taiwan,2029,304637630.0
Taiwan,2030,298481300.0
Tanzania,2021,9322272.0
Tanzania,2022,9876351.0
Tanzania,2023,10140310.0
Tanzania,2024,11228373.0
Tanzania,2025,10259846.0
Tanzania,2026,3455179.2
Tanzania,2027,11783225.0
Tanzania,2028,12105951.0
Tanzania,2029,10884499.0
Tanzania,2030,12535969.0
Thailand,2021,294472670.0
Thailand,2022,320353820.0
Thailand,2023,319001400.0
Thailand,2024,314166800.0
Thailand,2025,325542100.0
Thailand,2026,346856200.0
Thailand,2027,330288480.0
Thailand,2028,351994660.0
Thailand,2029,339357440.0
Thailand,2030,348019600.0
Togo,2021,1479677.2
Togo,2022,1511864.9
Togo,2023,1604701.5
Togo,2024,1497523.4
Togo,2025,1495140.5
Togo,2026,1504247.4
Togo,2027,1403596.8
Togo,2028,1513328.9
Togo,2029,1530281.4
Togo,2030,1482896.6
Trinidad and Tobago,2021,42252030.0
Trinidad and Tobago,2022,43144936.0
Trinidad and Tobago,2023,47992516.0
Trinidad and Tobago,2024,42031300.0
Trinidad and Tobago,2025,54785308.0
Trinidad and Tobago,2026,53758736.0
Trinidad and Tobago,2027,55686410.0
Trinidad and Tobago,2028,55563564.0
Trinidad and Tobago,2029,65109084.0
Trinidad and Tobago,2030,63803080.0
Tunisia,2021,28582194.0
Tunisia,2022,31640054.0
Tunisia,2023,32081848.0
Tunisia,2024,30403792.0
Tunisia,2025,35395490.0
Tunisia,2026,35301212.0
Tunisia,2027,36121676.0
Tunisia,2028,32901642.0
Tunisia,2029,38500536.0
Tunisia,2030,33854180.0
Turkey,2021,395681730.0
Turkey,2022,371256030.0
Turkey,2023,420617600.0
Turkey,2024,425586200.0
Turkey,2025,367906900.0
Turkey,2026,443547970.0
Turkey,2027,450647200.0
Turkey,2028,456630370.0
Turkey,2029,396032960.0
Turkey,2030,461915140.0
Uganda,2021,4308954.5
Uganda,2022,6593050.0
Uganda,2023,6086498.0
Uganda,2024,4629025.0
Uganda,2025,6394806.5
Uganda,2026,8960504.0
Uganda,2027,6034823.0
Uganda,2028,7685808.0
Uganda,2029,5787417.0
Uganda,2030,6134504.0
United Arab Emirates,2021,193893520.0
United Arab Emirates,2022,169349330.0
United Arab Emirates,2023,201494720.0
United Arab Emirates,2024,206674060.0
United Arab Emirates,2025,217993330.0
United Arab Emirates,2026,222688860.0
United Arab Emirates,2027,220101010.0
United Arab Emirates,2028,228663060.0
United Arab Emirates,2029,230271150.0
United Arab Emirates,2030,226108940.0
Uruguay,2021,6097763.0
Uruguay,2022,6163583.0
Uruguay,2023,6157182.5
Uruguay,2024,5881334.0
Uruguay,2025,6164990.0
Uruguay,2026,6231609.0
Uruguay,2027,6060784.0
Uruguay,2028,6249227.0
Uruguay,2029,6244873.0
Uruguay,2030,6175567.0
Venezuela,2021,183466180.0
Venezuela,2022,167203100.0
Venezuela,2023,177755360.0
Venezuela,2024,194366560.0
Venezuela,2025,179984380.0
Venezuela,2026,186978460.0
Venezuela,2027,194278320.0
Venezuela,2028,185378450.0
Venezuela,2029,122684720.0
Venezuela,2030,179100540.0
Vietnam,2021,215259950.0
Vietnam,2022,265872820.0
Vietnam,2023,252924300.0
Vietnam,2024,298169020.0
Vietnam,2025,288298020.0
Vietnam,2026,344029120.0
Vietnam,2027,264391440.0
Vietnam,2028,311049200.0
Vietnam,2029,318062370.0
Vietnam,2030,328810780.0
Yemen,2021,11611754.0
Yemen,2022,11890752.0
Yemen,2023,10830948.0
Yemen,2024,12252871.0
Yemen,2025,12108594.0
Yemen,2026,12119887.0
Yemen,2027,10879378.0
Yemen,2028,10922067.0
Yemen,2029,12778458.0
Yemen,2030,12451612.0
Zambia,2021,1280518.0
Zambia,2022,1060996.6
Zambia,2023,932169.9
Zambia,2024,847692.3
Zambia,2025,1116404.5
Zambia,2026,886306.06
Zambia,2027,604887.4
Zambia,2028,336498.28
Zambia,2029,518274.06
Zambia,2030,266305.2
Zimbabwe,2021,10575478.0
Zimbabwe,2022,10630077.0
Zimbabwe,2023,10294059.0
Zimbabwe,2024,10686278.0
Zimbabwe,2025,10084326.0
Zimbabwe,2026,10742395.0
Zimbabwe,2027,10482346.0
Zimbabwe,2028,10392967.0
Zimbabwe,2029,10663305.0
Zimbabwe,2030,10995644.0
